last_name, first_name,player_id,year,player_age,b_ab,b_total_pa,b_total_hits,b_single,b_double,b_triple,b_home_run,b_strikeout,b_walk,b_k_percent,b_bb_percent,batting_avg,slg_percent,on_base_percent,on_base_plus_slg,r_total_caught_stealing,r_total_stolen_base,b_ab_scoring,b_ball,b_called_strike,b_catcher_interf,xba,xslg,woba,xwoba,xobp,xiso,wobacon,xwobacon,exit_velocity_avg,launch_angle_avg,sweet_spot_percent,barrel_batted_rate,
Cabrera, Miguel,408234,2021,38,296,326,73,55,8,0,10,81,23,24.8,7.1,.247,.375,.304,.679,0,0,85,405,207,0,.229,.408,.297,.306,.291,.179,.359,.373,91.5,10.8,32.4,8.7,
Cruz Jr., Nelson,443558,2021,41,313,366,89,54,13,1,21,70,38,19.1,10.4,.284,.534,.361,.894,0,3,89,458,161,3,.276,.526,.374,.384,.364,.250,.431,.445,93.6,10.8,32,14.4,
Peralta, David,444482,2021,34,332,370,84,52,20,7,5,60,35,16.2,9.5,.253,.401,.327,.728,1,1,105,491,250,0,.237,.344,.316,.295,.314,.106,.337,.309,89.2,4.5,27.5,5.5,
Blackmon, Charlie,453568,2021,35,324,370,88,64,16,2,6,47,37,12.7,10.0,.272,.389,.359,.748,0,2,101,446,221,0,.287,.421,.337,.352,.372,.134,.337,.357,87.3,8.4,29.8,5.3,
McCutchen, Andrew,457705,2021,35,323,393,77,43,13,1,20,90,60,22.9,15.3,.238,.471,.356,.827,2,6,105,597,299,0,.249,.450,.355,.361,.368,.201,.401,.410,88.4,12.7,37.5,10.4,
Turner, Justin,457759,2021,37,351,406,104,70,16,0,18,66,44,16.3,10.8,.296,.496,.387,.882,0,0,111,573,276,0,.273,.475,.380,.369,.369,.202,.408,.393,91,18.9,39.7,8.7,
Andrus, Elvis,462101,2021,33,353,379,82,60,19,1,2,67,19,17.7,5.0,.232,.309,.272,.581,2,10,86,454,253,0,.267,.373,.255,.299,.308,.106,.285,.342,87.9,9.6,35.7,2.4,
Santana, Carlos,467793,2021,35,359,428,85,58,10,0,17,67,62,15.7,14.5,.237,.407,.350,.757,0,2,110,672,267,0,.238,.446,.332,.348,.352,.208,.331,.355,90.4,13.4,28.7,8.1,
Lowrie, Jed,476704,2021,37,343,381,88,58,19,0,11,76,36,19.9,9.4,.257,.408,.325,.734,0,0,107,556,218,0,.265,.478,.319,.351,.335,.213,.361,.406,91,15.6,38.3,10.4,
Brantley Jr., Michael,488726,2021,34,319,348,104,70,26,2,6,38,24,10.9,6.9,.326,.476,.379,.856,1,1,71,431,245,0,.322,.482,.371,.376,.378,.159,.388,.395,89.9,10.3,41.1,6.4,
Gurriel, Yuli,493329,2021,37,348,404,110,76,23,0,11,43,41,10.6,10.1,.316,.477,.384,.861,1,1,120,560,284,0,.265,.377,.369,.326,.347,.111,.373,.319,90.2,13.9,30.1,3.5,
Rojas, Miguel,500743,2021,32,300,329,80,52,21,2,5,46,24,14.0,7.3,.267,.400,.328,.728,1,8,69,426,207,0,.240,.335,.319,.288,.304,.095,.335,.295,86.9,11.8,34.5,2,
Escobar, Eduardo,500871,2021,32,370,400,91,52,14,3,22,85,29,21.3,7.3,.246,.478,.300,.778,0,1,106,537,240,0,.244,.457,.331,.325,.298,.213,.393,.386,87.5,20.6,35.7,9.8,
Pham, Tommy,502054,2021,33,326,390,84,57,14,2,11,86,56,22.1,14.4,.258,.414,.369,.783,6,13,87,663,335,0,.259,.450,.346,.363,.372,.192,.382,.410,90.6,8.6,36.9,10.2,
Martinez, J.D.,502110,2021,34,372,418,109,58,28,3,20,95,41,22.7,9.8,.293,.546,.361,.907,0,0,113,510,182,0,.279,.514,.382,.371,.351,.235,.467,.451,92.3,16.9,40.2,11.7,
Goldschmidt, Paul,502671,2021,34,387,429,104,69,17,1,17,92,39,21.4,9.1,.269,.450,.338,.788,0,6,102,594,324,0,.284,.541,.341,.382,.352,.256,.399,.457,92.9,16.9,35.8,12.2,
Altuve, Jose,514888,2021,31,368,423,102,65,14,0,23,64,47,15.1,11.1,.277,.503,.357,.860,2,4,86,519,290,0,.261,.429,.366,.342,.347,.168,.391,.359,88.4,15.5,31.6,7.4,
Hernandez, Cesar,514917,2021,31,376,420,87,50,17,2,18,90,38,21.4,9.0,.231,.431,.307,.738,0,0,87,574,283,0,.250,.420,.319,.328,.324,.170,.364,.377,88.6,11.8,34.4,9.4,
Segura, Jean,516416,2021,31,294,323,90,65,16,3,6,48,21,14.9,6.5,.306,.442,.359,.801,1,7,82,383,222,0,.265,.383,.347,.315,.325,.118,.380,.339,87.9,4.2,30.1,5.6,
Castro, Starlin,516770,2021,31,315,346,89,66,20,0,3,62,26,17.9,7.5,.283,.375,.332,.707,1,0,100,426,239,1,.270,.406,.310,.323,.326,.136,.347,.365,88.4,9.2,33.9,5.4,
Donaldson, Josh,518626,2021,36,272,329,68,37,15,0,16,64,49,19.5,14.9,.250,.482,.359,.840,0,0,68,478,174,0,.266,.532,.358,.386,.374,.266,.389,.432,94.1,13.2,27,17.7,
Freeman, Freddie,518692,2021,32,376,445,108,71,14,0,23,74,64,16.6,14.4,.287,.508,.393,.901,3,6,100,638,196,0,.313,.576,.380,.416,.413,.264,.417,.468,92.3,13.2,36.3,12.4,
LeMahieu, DJ,518934,2021,33,386,438,102,80,15,0,7,67,46,15.3,10.5,.264,.358,.345,.702,0,4,93,608,350,0,.277,.389,.313,.336,.358,.112,.321,.352,90.4,4.1,32.9,4,
Rizzo, Anthony,519203,2021,32,323,376,80,47,16,3,14,59,36,15.7,9.6,.248,.446,.346,.792,2,4,87,461,255,0,.263,.444,.343,.354,.361,.181,.354,.369,91.1,14.1,32.2,9.4,
Stanton, Giancarlo,519317,2021,32,298,344,76,50,10,0,16,101,44,29.4,12.8,.255,.450,.352,.801,0,0,82,520,250,0,.241,.430,.348,.340,.341,.189,.449,.435,95.4,8.4,27.8,13.6,
Perez, Salvador,521692,2021,31,396,414,111,68,18,0,25,111,10,26.8,2.4,.280,.515,.309,.824,0,1,105,395,151,0,.274,.545,.348,.361,.304,.271,.465,.482,92.9,15,33.9,15.4,
Garcia, Avisail,541645,2021,30,326,357,84,54,13,0,17,89,23,24.9,6.4,.258,.454,.317,.771,4,4,98,352,118,0,.272,.486,.330,.351,.331,.214,.411,.442,90.5,9.2,35.6,11.7,
Aguilar, Jesus,542583,2021,31,343,387,92,57,17,0,18,73,33,18.9,8.5,.268,.475,.331,.806,0,0,124,509,283,1,.272,.471,.342,.346,.337,.199,.389,.395,90.6,17.9,36.5,9,
Grossman, Robbie,543257,2021,32,358,438,82,52,12,2,16,101,68,23.1,15.5,.229,.408,.354,.762,4,12,100,762,352,0,.230,.403,.337,.341,.358,.173,.368,.375,88.6,20.2,39.8,8.3,
Harrison, Josh,543281,2021,34,320,359,94,63,23,2,6,50,25,13.9,7.0,.294,.434,.365,.799,3,5,88,346,151,1,.274,.419,.351,.339,.348,.144,.367,.352,87.6,15.8,42.1,4.1,
Hosmer, Eric,543333,2021,32,332,367,90,69,13,0,8,60,28,16.3,7.6,.271,.383,.332,.715,2,5,116,481,220,0,.271,.408,.317,.329,.335,.137,.343,.358,91.1,3.7,24.2,5.5,
Semien, Marcus,543760,2021,31,399,443,111,60,26,1,24,101,41,22.8,9.3,.278,.529,.345,.874,1,11,95,668,311,0,.242,.437,.372,.327,.314,.195,.452,.386,90.3,18.2,35,9.3,
Vazquez, Christian,543877,2021,31,309,336,78,58,16,0,4,64,22,19.0,6.5,.252,.343,.304,.647,2,8,96,418,232,0,.226,.330,.285,.271,.279,.104,.319,.299,87.2,15.1,34.3,2.8,
Grichuk, Randal,545341,2021,30,367,384,95,58,17,1,19,81,12,21.1,3.1,.259,.466,.284,.750,3,0,120,402,185,0,.247,.436,.318,.311,.277,.189,.389,.380,90.3,14.2,33.6,10.7,
Harper, Bryce,547180,2021,29,286,340,85,48,21,0,16,80,49,23.5,14.4,.297,.538,.406,.944,0,12,69,465,158,0,.296,.562,.401,.412,.405,.267,.487,.505,91.6,12.9,37.2,16.9,
Abreu, Jose,547989,2021,34,354,409,87,50,17,2,18,97,37,23.7,9.0,.246,.458,.330,.788,0,1,119,499,273,0,.242,.448,.338,.341,.332,.205,.397,.403,91.9,9,28.8,11,
Suarez, Eugenio,553993,2021,30,368,413,63,31,13,0,19,125,36,30.3,8.7,.171,.361,.254,.616,1,0,109,615,290,0,.203,.415,.269,.306,.284,.212,.333,.395,87.8,17.9,29.3,13.8,
Urshela, Gio,570482,2021,30,308,328,84,56,16,1,11,81,18,24.7,5.5,.273,.438,.314,.752,0,1,81,381,171,0,.257,.439,.324,.321,.300,.182,.409,.404,89,7.2,37.3,8.8,
Schoop, Jonathan,570731,2021,30,392,425,112,77,17,1,17,86,24,20.2,5.6,.286,.464,.327,.791,0,1,100,514,260,0,.256,.417,.339,.317,.304,.162,.401,.371,88.4,9.9,27.9,8.7,
Arenado, Nolan,571448,2021,30,379,415,99,50,27,2,20,54,30,13.0,7.2,.261,.501,.318,.819,0,1,104,526,251,0,.256,.426,.344,.319,.314,.171,.370,.338,89,21.2,36.6,7.3,
Farmer, Kyle,571657,2021,31,287,322,74,52,12,1,9,55,16,17.1,5.0,.258,.401,.326,.727,2,2,74,370,213,0,.251,.375,.318,.308,.321,.124,.343,.329,86.9,15.6,36,4.7,
Haniger, Mitch,571745,2021,31,387,424,100,56,18,1,25,101,28,23.8,6.6,.258,.504,.314,.818,0,0,80,554,295,0,.259,.497,.347,.351,.316,.238,.427,.433,89.3,14.3,33.1,12.4,
Hernandez, Enrique,571771,2021,30,328,372,80,39,25,2,14,75,33,20.2,8.9,.244,.460,.323,.783,0,1,84,491,239,0,.241,.434,.336,.331,.322,.193,.378,.370,90.4,19.2,33.9,8.6,
Muncy, Max,571970,2021,31,297,365,82,43,16,1,22,63,62,17.3,17.0,.276,.559,.411,.970,0,1,101,586,298,0,.297,.604,.411,.437,.428,.307,.444,.483,91.1,13.7,35.9,15.8,
Myers, Wil,571976,2021,31,292,332,75,47,15,1,12,93,37,28.0,11.1,.257,.438,.337,.776,5,6,96,452,254,0,.217,.376,.335,.298,.301,.158,.428,.367,87.7,9.1,30.3,8.5,
Naquin, Tyler,571980,2021,30,299,331,73,46,14,0,13,79,24,23.9,7.3,.244,.421,.308,.730,2,4,93,416,136,0,.251,.434,.315,.327,.315,.184,.378,.396,89.6,8.8,28.7,9,
Seager, Kyle,572122,2021,34,378,421,82,43,17,1,21,106,37,25.2,8.8,.217,.434,.290,.724,1,2,101,517,225,0,.223,.453,.310,.324,.297,.230,.375,.396,89.6,19.8,33.8,12.4,
Taylor, Michael A.,572191,2021,30,303,332,74,57,7,1,9,100,23,30.1,6.9,.244,.363,.301,.664,4,7,90,410,176,0,.230,.366,.292,.290,.289,.136,.382,.380,88.9,10.6,31.1,6.3,
Yastrzemski, Mike,573262,2021,31,304,349,68,29,20,3,16,79,36,22.6,10.3,.224,.467,.318,.785,0,2,79,469,241,0,.210,.406,.334,.310,.307,.196,.386,.350,89.3,19.1,30.4,9.7,
Contreras, Willson,575929,2021,29,309,364,73,44,12,0,17,98,41,26.9,11.3,.236,.440,.346,.786,4,4,74,514,238,0,.234,.431,.343,.343,.345,.197,.414,.413,91.1,9.8,28.2,9.9,
Iglesias, Jose,578428,2021,31,333,347,94,70,16,1,7,53,11,15.3,3.2,.282,.399,.311,.711,2,4,77,320,219,0,.277,.377,.309,.302,.306,.100,.348,.339,85.6,10.3,35.7,3.9,
Bryant, Kris,592178,2021,29,326,374,87,48,19,2,18,89,39,23.8,10.4,.267,.503,.358,.861,2,4,88,502,200,0,.263,.444,.369,.352,.355,.182,.444,.416,87.6,12.9,37.4,10.1,
Canha, Mark,592192,2021,32,308,374,80,50,15,4,11,76,48,20.3,12.8,.260,.442,.388,.829,2,10,78,596,326,0,.241,.409,.366,.351,.373,.168,.392,.368,88.4,14,38.2,8.6,
Castellanos, Nick,592206,2021,29,337,368,111,63,29,1,18,79,27,21.5,7.3,.329,.582,.383,.965,1,2,90,417,133,0,.300,.516,.406,.373,.357,.216,.501,.454,90.1,14.1,46.3,10,
Judge, Aaron,592450,2021,29,321,371,91,57,13,0,21,93,47,25.1,12.7,.283,.520,.377,.898,0,2,84,562,242,0,.316,.603,.385,.429,.406,.287,.476,.548,95.9,10,41,19.2,
Machado, Manny,592518,2021,29,349,403,97,56,21,2,18,66,45,16.4,11.2,.278,.504,.355,.859,4,9,110,495,242,0,.279,.497,.361,.370,.363,.218,.396,.409,93.6,13.9,33.7,13.1,
Pederson, Joc,592626,2021,29,309,343,74,46,13,2,13,83,25,24.2,7.3,.239,.421,.303,.724,3,2,83,440,211,0,.233,.415,.312,.318,.301,.182,.374,.383,90.9,15.3,28.9,9.2,
Realmuto, J.T.,592663,2021,30,283,326,74,48,13,2,11,76,34,23.3,10.4,.261,.438,.353,.791,3,6,83,426,187,0,.260,.432,.343,.348,.354,.172,.402,.409,90.2,11.5,30.1,9.6,
Renfroe, Hunter,592669,2021,29,322,358,82,49,18,0,15,78,29,21.8,8.1,.255,.450,.313,.763,2,0,114,411,231,0,.258,.482,.326,.351,.322,.225,.384,.419,90,12.7,35.6,13.2,
Merrifield, Whit,593160,2021,32,402,442,110,76,24,2,8,63,28,14.3,6.3,.274,.403,.319,.722,1,25,97,507,260,0,.256,.376,.311,.301,.306,.120,.334,.321,87.2,13.3,38.5,3.2,
Bogaerts, Xander,593428,2021,29,355,400,109,65,29,0,15,73,35,18.3,8.8,.307,.515,.370,.885,1,5,113,531,311,0,.276,.456,.377,.350,.346,.180,.430,.393,89,11.8,36.1,9,
Polanco, Jorge,593871,2021,28,361,401,96,59,21,1,15,63,32,15.7,8.0,.266,.454,.329,.783,4,9,86,520,253,0,.261,.450,.337,.338,.326,.190,.365,.366,89.1,19.1,33.8,8.3,
Duvall, Adam,594807,2021,33,314,339,72,39,10,1,22,105,21,31.0,6.2,.229,.478,.277,.755,0,5,95,405,224,0,.221,.469,.319,.317,.271,.248,.438,.434,90.3,24,32.5,14.6,
Baez, Javier,595879,2021,29,335,361,83,50,9,2,22,131,15,36.3,4.2,.248,.484,.291,.774,3,13,113,391,150,1,.222,.430,.328,.306,.270,.208,.497,.459,90.8,11.4,29,13,
Lindor, Francisco,596019,2021,28,308,360,70,47,11,1,11,59,41,16.4,11.4,.227,.377,.322,.699,2,8,79,509,203,0,.243,.402,.310,.330,.341,.159,.317,.345,90.4,12.6,34.6,7,
Story, Trevor,596115,2021,29,329,371,78,44,19,2,13,89,32,24.0,8.6,.237,.426,.310,.736,5,17,90,497,191,0,.244,.444,.318,.330,.318,.199,.379,.398,90.9,17.6,33.5,9.3,
Franco, Maikel,596748,2021,29,308,331,67,39,18,0,10,53,19,16.0,5.7,.218,.373,.266,.639,0,0,86,350,211,0,.231,.360,.277,.283,.280,.129,.300,.308,87.9,9.4,29.2,5.8,
Bradley Jr., Jackie,598265,2021,31,294,328,52,33,10,3,6,96,23,29.3,7.0,.177,.293,.253,.546,1,6,100,407,217,0,.205,.303,.244,.268,.281,.098,.291,.328,90,10.3,25.4,5.5,
Candelario, Jeimer,600869,2021,28,355,402,97,63,26,1,7,90,45,22.4,11.2,.273,.411,.358,.769,0,0,90,574,264,0,.266,.411,.338,.337,.352,.144,.391,.390,89.3,12.7,38.9,7.5,
Bell, Josh,605137,2021,29,294,321,72,41,14,1,16,70,25,21.8,7.8,.245,.463,.305,.768,0,0,95,431,151,0,.265,.466,.327,.342,.326,.201,.389,.411,92.5,6.2,28,9.3,
Betts, Mookie,605141,2021,29,315,374,85,43,25,3,14,61,47,16.3,12.6,.270,.502,.374,.876,3,7,74,565,297,0,.261,.429,.374,.354,.371,.168,.396,.368,90.5,18.8,35.7,7,
Tapia, Raimel,606132,2021,27,364,400,104,78,21,0,5,57,32,14.3,8.0,.286,.385,.340,.725,3,19,85,468,230,0,.252,.322,.316,.285,.310,.070,.338,.298,86.5,-3.1,21.5,2.2,
Hernandez, Teoscar,606192,2021,29,315,339,93,60,18,0,15,86,22,25.4,6.5,.295,.495,.342,.837,3,7,106,421,161,0,.282,.514,.358,.361,.330,.232,.460,.465,92,10.8,37.8,13.9,
Turner, Trea,607208,2021,28,388,420,125,87,17,3,18,77,26,18.3,6.2,.322,.521,.369,.890,3,21,84,541,277,0,.294,.472,.381,.358,.345,.178,.444,.413,89.3,10.7,35.8,7.3,
Ramirez, Jose,608070,2021,29,324,373,82,40,18,2,22,51,40,13.7,10.7,.253,.525,.343,.868,3,10,88,555,260,0,.282,.513,.362,.378,.372,.231,.382,.403,91,18.4,33.3,11.2,
Gallo, Joey,608336,2021,28,310,388,69,37,6,1,25,125,74,32.2,19.1,.223,.490,.379,.869,0,6,95,647,249,0,.221,.490,.374,.376,.377,.270,.499,.502,91.6,20.6,31.4,18.4,
Winker, Jesse,608385,2021,28,376,423,115,67,26,1,21,70,41,16.5,9.7,.306,.548,.383,.931,0,1,89,602,260,0,.295,.519,.397,.385,.374,.224,.443,.426,91,10,38.9,11.4,
Swanson, Dansby,621020,2021,27,386,421,94,49,25,2,18,113,28,26.8,6.7,.244,.459,.297,.755,3,6,112,549,245,0,.249,.459,.319,.329,.306,.210,.414,.429,90.7,13.8,36.6,12.3,
Newman, Kevin,621028,2021,28,337,358,72,60,8,1,3,27,17,7.5,4.7,.214,.270,.251,.521,0,2,80,404,267,0,.248,.315,.230,.268,.285,.067,.225,.268,85.6,6.9,31,0.9,
Taylor, Chris,621035,2021,31,347,401,97,60,18,3,16,106,46,26.4,11.5,.280,.487,.374,.861,1,9,102,593,238,0,.255,.460,.372,.357,.354,.205,.465,.441,88.8,15.1,40.1,11.6,
Correa, Carlos,621043,2021,27,350,407,96,56,24,0,16,77,51,18.9,12.5,.274,.480,.369,.849,0,0,125,623,341,0,.271,.429,.365,.350,.366,.158,.405,.383,90.1,12.7,31.2,9.1,
Olson, Matt,621566,2021,27,353,415,100,49,24,0,27,67,49,16.1,11.8,.283,.581,.373,.954,1,3,112,615,231,0,.269,.545,.397,.398,.372,.276,.436,.436,92,17.1,32.4,14.7,
Alonso, Pete,624413,2021,27,324,366,86,50,13,0,23,76,34,20.8,9.3,.265,.519,.342,.860,0,1,104,438,191,0,.260,.533,.360,.370,.337,.273,.419,.432,91.8,15.4,33.7,15.3,
Frazier, Adam,624428,2021,30,393,435,127,91,28,4,4,47,35,10.8,8.0,.323,.445,.386,.831,4,5,82,547,273,0,.296,.384,.360,.333,.362,.088,.369,.336,85.6,14.6,39.9,1.1,
Soler, Jorge,624585,2021,29,308,360,59,30,16,0,13,97,38,26.9,10.6,.192,.370,.283,.653,0,0,87,509,203,6,.232,.468,.290,.345,.325,.236,.340,.431,92.3,17.5,28.5,13.6,
Cronenworth, Jake,630105,2021,27,386,437,108,68,21,5,14,61,35,14.0,8.0,.280,.469,.346,.814,2,4,117,574,336,4,.270,.443,.351,.344,.343,.173,.373,.363,88.6,13.3,35.9,8,
Meadows, Austin,640457,2021,26,358,412,87,43,23,1,20,95,44,23.1,10.7,.243,.480,.330,.811,2,4,112,583,259,0,.235,.428,.344,.330,.326,.194,.405,.384,89.6,21.5,38.1,10.4,
Anderson, Tim,641313,2021,28,361,381,108,77,21,1,9,86,18,22.6,4.7,.299,.438,.333,.771,7,16,84,416,134,0,.266,.414,.333,.313,.302,.148,.413,.385,89.4,4.2,30.4,7.6,
Crawford, J.P.,641487,2021,26,382,420,103,75,23,0,5,70,34,16.7,8.1,.270,.369,.331,.700,3,3,71,602,299,0,.256,.338,.309,.296,.319,.082,.334,.317,85.8,8.6,35.7,2.9,
Dozier, Hunter,641531,2021,30,290,325,57,28,18,3,8,91,29,28.0,8.9,.197,.362,.274,.636,2,1,83,424,194,0,.218,.362,.278,.293,.294,.144,.337,.360,90.2,17.3,32.7,7.9,
Hampson, Garrett,641658,2021,27,306,334,73,45,17,5,6,77,21,23.1,6.3,.239,.386,.290,.676,4,14,73,424,266,0,.225,.359,.296,.282,.280,.135,.356,.337,86.1,13,34.5,5.5,
Mancini III, Trey,641820,2021,29,373,414,99,57,22,1,19,94,35,22.7,8.5,.265,.483,.336,.818,0,0,124,546,261,0,.279,.499,.350,.366,.349,.220,.420,.445,88.6,10.1,36.1,13.6,
McMahon, Ryan,641857,2021,27,334,374,86,50,19,1,16,96,34,25.7,9.1,.257,.464,.326,.790,2,4,102,525,199,0,.256,.451,.336,.335,.326,.195,.421,.420,91.6,15.7,41.4,7.8,
Smith, Dominic,642086,2021,26,319,357,80,56,13,0,11,81,27,22.7,7.6,.251,.395,.322,.717,1,2,105,440,184,0,.269,.431,.312,.340,.340,.163,.364,.405,88.9,14.2,41.4,7,
Rosario, Amed,642708,2021,26,345,368,90,69,12,4,5,76,19,20.7,5.2,.261,.362,.304,.667,0,9,82,409,268,0,.265,.357,.292,.299,.310,.092,.342,.351,87.9,5.5,32.6,2.2,
Adames, Willy,642715,2021,26,347,388,90,50,23,1,16,112,41,28.9,10.6,.259,.470,.338,.807,4,3,108,534,215,0,.234,.430,.348,.326,.315,.196,.454,.417,89.3,16.2,34.9,11.9,
Kiner-Falefa, Isiah,643396,2021,26,403,428,104,79,17,2,6,66,14,15.4,3.3,.258,.355,.294,.649,2,15,84,436,285,0,.256,.342,.284,.283,.294,.086,.313,.312,85.9,3.6,29.4,2.1,
Albies, Ozzie,645277,2021,24,391,431,102,51,30,5,16,77,34,17.9,7.9,.261,.486,.323,.808,2,13,106,550,122,0,.256,.454,.345,.333,.317,.198,.391,.375,89.4,22.5,38.6,9.7,
Devers, Rafael,646240,2021,25,370,417,106,50,28,1,27,97,38,23.3,9.1,.286,.586,.357,.944,5,3,138,500,150,0,.284,.581,.393,.399,.359,.297,.488,.497,92.7,11.4,35,17.7,
Urias, Luis,649966,2021,24,325,377,77,45,18,1,13,84,42,22.3,11.1,.237,.418,.332,.750,1,5,89,483,254,1,.232,.408,.326,.323,.329,.175,.370,.365,87.8,13,34.8,8.6,
Torres, Gleyber,650402,2021,25,322,367,80,61,13,0,6,75,40,20.4,10.9,.248,.345,.330,.674,3,10,91,530,220,0,.254,.404,.303,.329,.337,.150,.330,.367,86.7,13.2,38.2,7.2,
Diaz, Yandy,650490,2021,30,304,361,77,59,11,1,6,54,54,15.0,15.0,.253,.355,.368,.724,0,0,78,553,254,0,.242,.354,.326,.324,.359,.111,.317,.314,89.4,5.6,27.1,5.2,
Chapman, Matt,656305,2021,28,357,416,78,51,11,3,13,132,48,31.7,11.5,.218,.375,.310,.685,0,2,104,630,321,0,.207,.375,.301,.300,.302,.167,.385,.384,89.6,18.2,32.2,10.7,
Hoskins, Rhys,656555,2021,28,367,419,88,38,27,0,23,104,46,24.8,11.0,.240,.501,.329,.831,2,3,118,629,318,0,.243,.530,.354,.367,.332,.288,.429,.449,90.9,21.2,35.5,15.5,
Mullins II, Cedric,656775,2021,27,383,428,122,73,28,4,17,79,36,18.5,8.4,.319,.546,.381,.927,7,17,66,575,292,1,.282,.448,.394,.351,.351,.166,.456,.397,89.7,14.3,38.4,7.5,
Smith, Pavin,656976,2021,25,346,379,93,61,20,3,9,70,30,18.5,7.9,.269,.422,.330,.752,0,1,80,496,303,0,.271,.435,.326,.337,.334,.164,.367,.382,86.8,8,35,6.1,
Verdugo, Alex,657077,2021,25,362,402,100,69,20,1,10,55,35,13.7,8.7,.276,.420,.343,.763,1,5,85,553,304,0,.288,.446,.332,.349,.354,.158,.348,.370,90.1,6.9,34.6,5.8,
Laureano, Ramon,657656,2021,27,323,357,79,46,17,2,14,89,25,24.9,7.0,.245,.440,.314,.753,5,11,88,441,248,0,.241,.452,.326,.332,.310,.211,.397,.406,88.1,12.2,36.6,10.6,
Moncada, Yoan,660162,2021,26,325,390,86,58,19,1,8,101,58,25.9,14.9,.265,.403,.382,.785,2,2,101,649,296,0,.264,.422,.350,.359,.382,.158,.410,.426,90.5,10.8,40.3,9.3,
Ohtani, Shohei,660271,2021,27,344,396,96,33,22,4,37,120,48,30.3,12.1,.279,.689,.371,1.060,5,15,96,581,224,0,.283,.677,.433,.438,.377,.394,.612,.620,93.9,18.1,38.7,26.2,
Acuna Jr., Ronald,660670,2021,24,293,355,83,39,19,1,24,83,48,23.4,13.5,.283,.601,.394,.995,6,17,73,562,212,0,.291,.593,.414,.427,.405,.303,.503,.524,93.8,18.2,39.6,20.3,
Riley, Austin,663586,2021,24,356,412,103,63,18,1,21,101,42,24.5,10.2,.289,.522,.371,.894,1,0,112,562,221,0,.276,.510,.378,.372,.358,.234,.467,.459,90,12.8,34.6,12.5,
Mountcastle, Ryan,663624,2021,24,342,373,84,51,16,1,16,105,23,28.2,6.2,.246,.439,.295,.734,2,4,108,428,174,0,.234,.415,.313,.307,.288,.181,.409,.401,88.5,15.1,38.8,9.5,
Tucker, Kyle,663656,2021,24,340,374,94,50,23,1,20,60,28,16.0,7.5,.276,.526,.329,.855,1,9,112,506,151,1,.310,.580,.360,.400,.363,.270,.404,.457,91.6,17.7,41.5,12,
India, Jonathan,663697,2021,25,309,378,85,61,14,2,8,84,49,22.2,13.0,.275,.411,.397,.808,3,7,83,589,311,0,.247,.397,.360,.349,.376,.149,.397,.378,87.5,10.2,30.1,8.7,
Lowe, Nathaniel,663993,2021,26,350,411,88,63,11,2,12,108,57,26.3,13.9,.251,.397,.358,.755,0,5,96,644,295,0,.235,.410,.335,.335,.344,.175,.396,.396,91.7,7.3,32,10.2,
France, Ty,664034,2021,27,342,390,95,64,22,0,9,65,27,16.7,6.9,.278,.421,.356,.777,0,0,98,434,164,0,.253,.393,.340,.328,.339,.140,.363,.346,88,11.9,34.2,7.1,
Lowe, Brandon,664040,2021,27,330,387,74,37,15,0,22,117,48,30.2,12.4,.224,.470,.336,.806,1,4,102,519,180,0,.229,.485,.346,.356,.341,.255,.448,.466,89.7,16.5,34.6,15.4,
Fletcher, David,664058,2021,27,390,414,119,95,21,1,2,40,16,9.7,3.9,.305,.379,.329,.708,1,5,92,392,306,0,.273,.321,.311,.280,.303,.048,.329,.293,82.5,7.8,30.8,0,
Straw, Myles,664702,2021,27,325,370,85,69,13,1,2,71,38,19.2,10.3,.262,.326,.338,.664,5,17,100,515,331,0,.240,.306,.299,.288,.321,.066,.321,.304,86.8,10.7,40.5,1.5,
Bohm, Alec,664761,2021,25,318,349,79,60,12,0,7,91,26,26.1,7.4,.248,.352,.304,.656,0,4,98,480,201,0,.265,.394,.289,.316,.320,.130,.355,.396,92.2,5.2,34.2,6.5,
Walsh, Jared,665120,2021,28,364,394,97,51,23,1,22,109,26,27.7,6.6,.266,.516,.320,.836,1,2,101,470,238,0,.260,.446,.352,.328,.314,.186,.468,.431,90.2,7.8,34.4,13.3,
Tatis Jr., Fernando,665487,2021,22,316,364,91,40,20,0,31,104,44,28.6,12.1,.288,.646,.371,1.016,3,23,85,518,128,0,.283,.629,.419,.415,.367,.347,.569,.562,93.7,13,33.8,21.8,
Guerrero Jr., Vladimir,665489,2021,22,360,424,118,65,19,1,33,73,58,17.2,13.7,.328,.661,.425,1.086,1,2,117,581,207,0,.312,.611,.451,.432,.412,.300,.517,.489,95.2,8.9,36.7,16.3,
Soto, Juan,665742,2021,23,318,391,96,66,11,1,18,59,71,15.1,18.2,.302,.513,.427,.940,6,6,96,643,313,0,.310,.546,.402,.422,.435,.236,.421,.451,92.9,5.1,27.6,11.9,
Bichette, Bo,666182,2021,23,402,436,119,81,19,1,18,89,29,20.4,6.7,.296,.483,.349,.831,0,15,107,504,188,0,.287,.486,.358,.359,.340,.199,.424,.426,91,5,33.1,10.5,
Carlson, Dylan,666185,2021,23,372,426,95,60,21,3,11,104,42,24.4,9.9,.255,.417,.338,.755,0,0,101,626,327,0,.249,.413,.328,.329,.334,.164,.389,.389,88.8,14.7,41.4,8.1,
Garcia, Adolis,666969,2021,28,350,375,89,54,11,2,22,113,19,30.1,5.1,.254,.486,.299,.784,4,8,101,436,210,0,.231,.449,.333,.317,.280,.217,.456,.430,91.6,14.2,31.4,13.8,
Gurriel Jr., Lourdes,666971,2021,28,325,347,85,56,18,0,11,69,14,19.9,4.0,.262,.418,.291,.710,2,1,80,400,217,0,.248,.396,.303,.297,.282,.149,.360,.352,88.2,10.3,32.1,7.6,
Arozarena, Randy,668227,2021,26,361,406,93,60,19,1,13,110,36,27.1,8.9,.258,.424,.335,.759,7,11,90,577,289,0,.208,.345,.329,.285,.292,.137,.413,.343,90.6,9.2,26.5,7.5,
Reynolds, Bryan,668804,2021,26,366,416,113,71,24,0,18,84,45,20.2,10.8,.309,.522,.389,.911,2,3,118,567,198,0,.293,.527,.390,.388,.376,.234,.456,.454,89.4,13.5,38.2,11,
Rojas, Josh,668942,2021,27,317,366,85,52,22,1,10,91,44,24.9,12.0,.268,.438,.352,.791,3,7,89,576,299,4,.230,.371,.347,.311,.324,.140,.419,.361,88.4,8.2,41,6.6,
Murphy, Sean,669221,2021,27,285,325,62,31,18,0,13,82,26,25.2,8.0,.218,.418,.305,.722,0,0,72,373,203,0,.226,.439,.314,.331,.315,.213,.369,.396,88.7,16.9,31.6,13.1,
Edman, Tommy,669242,2021,26,402,430,103,71,23,3,6,56,23,13.0,5.3,.256,.373,.300,.673,4,17,66,530,301,0,.266,.390,.294,.311,.311,.124,.312,.332,87,7.6,29.3,4,
Solak, Nick,669256,2021,26,334,371,75,52,12,2,9,87,21,23.5,5.7,.225,.353,.294,.647,3,4,95,458,273,0,.232,.360,.287,.296,.301,.128,.330,.344,87.5,8.6,32.4,7.6,
Alvarez, Yordan,670541,2021,24,328,367,93,56,17,1,19,99,29,27.0,7.9,.284,.515,.351,.867,0,1,120,509,299,0,.270,.516,.368,.371,.344,.247,.477,.481,92.4,12.4,36.6,14.7,
Vaughn, Andrew,683734,2021,23,289,321,75,42,22,0,11,74,22,23.1,6.9,.260,.450,.318,.768,1,1,77,361,225,0,.246,.439,.329,.332,.312,.193,.394,.399,91.4,9.7,35,10.5,